Workbook

Sheet Produccion
A1: Fecha | B1: Producto | C1: Cantidad

Sheet Recetas
A1: Producto | B1: Insumo | C1: Cantidad_por_plato | D1: Unidad
A2: Ceviche Meraki | B2: Pescado | C2: 0.18 | D2: kg
A3: Ceviche Meraki | B3: Limón | C3: 0.05 | D3: kg
A4: Ceviche Meraki | B4: Cebolla | C4: 0.06 | D4: kg
A5: Burger Luke | B5: Pan | C5: 1 | D5: un
A6: Burger Luke | B6: Carne | C6: 0.15 | D6: kg
A7: Burger Luke | B7: Queso | C7: 0.03 | D7: kg
A8: Power Bowl | B8: Quinoa | C8: 0.12 | D8: kg
A9: Power Bowl | B9: Verduras | C9: 0.1 | D9: kg
A10: Power Bowl | B10: Proteína | C10: 0.1 | D10: kg

Sheet Bodega
A1: Insumo | B1: Stock_actual | C1: Unidad
A2: Pescado | B2: 3.5 | C2: kg
A3: Limón | B3: 1.2 | C3: kg
A4: Cebolla | B4: 2 | C4: kg
A5: Pan | B5: 15 | C5: un
A6: Carne | B6: 2.5 | C6: kg
A7: Queso | B7: 0.8 | C7: kg
A8: Quinoa | B8: 1.5 | C8: kg
A9: Verduras | B9: 2 | C9: kg
A10: Proteína | B10: 1.8 | C10: kg

Sheet Compras
A1: Insumo | B1: Necesario | C1: Stock | D1: Compra_final
A2: Pescado | B2: =SUMPRODUCT((Recetas!$B$2:$B$200=A2)*(Recetas!$C$2:$C$200)*(SUMIF(Produccion!$B$2:$B$2000,Recetas!$A$2:$A$200,Produccion!$C$2:$C$2000))) | C2: =IFERROR(VLOOKUP(A2,Bodega!$A$2:$C$100,2,FALSE),0) | D2: =MAX(0,B2-C2)*1.1
A3: Limón | B3: =SUMPRODUCT((Recetas!$B$2:$B$200=A3)*(Recetas!$C$2:$C$200)*(SUMIF(Produccion!$B$2:$B$2000,Recetas!$A$2:$A$200,Produccion!$C$2:$C$2000))) | C3: =IFERROR(VLOOKUP(A3,Bodega!$A$2:$C$100,2,FALSE),0) | D3: =MAX(0,B3-C3)*1.1
A4: Cebolla | B4: =SUMPRODUCT((Recetas!$B$2:$B$200=A4)*(Recetas!$C$2:$C$200)*(SUMIF(Produccion!$B$2:$B$2000,Recetas!$A$2:$A$200,Produccion!$C$2:$C$2000))) | C4: =IFERROR(VLOOKUP(A4,Bodega!$A$2:$C$100,2,FALSE),0) | D4: =MAX(0,B4-C4)*1.1
A5: Pan | B5: =SUMPRODUCT((Recetas!$B$2:$B$200=A5)*(Recetas!$C$2:$C$200)*(SUMIF(Produccion!$B$2:$B$2000,Recetas!$A$2:$A$200,Produccion!$C$2:$C$2000))) | C5: =IFERROR(VLOOKUP(A5,Bodega!$A$2:$C$100,2,FALSE),0) | D5: =MAX(0,B5-C5)*1.1
A6: Carne | B6: =SUMPRODUCT((Recetas!$B$2:$B$200=A6)*(Recetas!$C$2:$C$200)*(SUMIF(Produccion!$B$2:$B$2000,Recetas!$A$2:$A$200,Produccion!$C$2:$C$2000))) | C6: =IFERROR(VLOOKUP(A6,Bodega!$A$2:$C$100,2,FALSE),0) | D6: =MAX(0,B6-C6)*1.1
A7: Queso | B7: =SUMPRODUCT((Recetas!$B$2:$B$200=A7)*(Recetas!$C$2:$C$200)*(SUMIF(Produccion!$B$2:$B$2000,Recetas!$A$2:$A$200,Produccion!$C$2:$C$2000))) | C7: =IFERROR(VLOOKUP(A7,Bodega!$A$2:$C$100,2,FALSE),0) | D7: =MAX(0,B7-C7)*1.1
A8: Quinoa | B8: =SUMPRODUCT((Recetas!$B$2:$B$200=A8)*(Recetas!$C$2:$C$200)*(SUMIF(Produccion!$B$2:$B$2000,Recetas!$A$2:$A$200,Produccion!$C$2:$C$2000))) | C8: =IFERROR(VLOOKUP(A8,Bodega!$A$2:$C$100,2,FALSE),0) | D8: =MAX(0,B8-C8)*1.1
A9: Verduras | B9: =SUMPRODUCT((Recetas!$B$2:$B$200=A9)*(Recetas!$C$2:$C$200)*(SUMIF(Produccion!$B$2:$B$2000,Recetas!$A$2:$A$200,Produccion!$C$2:$C$2000))) | C9: =IFERROR(VLOOKUP(A9,Bodega!$A$2:$C$100,2,FALSE),0) | D9: =MAX(0,B9-C9)*1.1
A10: Proteína | B10: =SUMPRODUCT((Recetas!$B$2:$B$200=A10)*(Recetas!$C$2:$C$200)*(SUMIF(Produccion!$B$2:$B$2000,Recetas!$A$2:$A$200,Produccion!$C$2:$C$2000))) | C10: =IFERROR(VLOOKUP(A10,Bodega!$A$2:$C$100,2,FALSE),0) | D10: =MAX(0,B10-C10)*1.1
